{
    "avg_test_loss": [
        2.839249208140373,
        3.458462890076637
    ],
    "avg_train_loss": [
        0.0345193480274507,
        0.02961242717823812
    ],
    "batch_lr": [
        0.0010232929922807542,
        0.0010471285480508996,
        0.0010715193052376064,
        0.0010964781961431851,
        0.0011220184543019635,
        0.0011481536214968829,
        0.0011748975549395295,
        0.001202264434617413,
        0.0012302687708123817,
        0.0012589254117941673,
        0.001288249551693134,
        0.001318256738556407,
        0.0013489628825916536,
        0.0013803842646028849,
        0.0014125375446227544,
        0.0014454397707459276,
        0.0014791083881682075,
        0.0015135612484362083,
        0.0015488166189124815,
        0.0015848931924611134,
        0.00162181009735893,
        0.0016595869074375606,
        0.0016982436524617445,
        0.0017378008287493756,
        0.0017782794100389228,
        0.0018197008586099835,
        0.0018620871366628676,
        0.0019054607179632473,
        0.0019054607179632473,
        0.0019498445997580454,
        0.00199526231496888,
        0.0020417379446695293,
        0.00208929613085404,
        0.002137962089502232,
        0.0021877616239495525,
        0.0022387211385683395,
        0.0022908676527677732,
        0.002344228815319922,
        0.0023988329190194908,
        0.0024547089156850307,
        0.0025118864315095803,
        0.0025703957827688637,
        0.002630267991895382,
        0.002691534803926916,
        0.0027542287033381664,
        0.002818382931264454,
        0.0028840315031266055,
        0.002951209226666386,
        0.003019951720402016,
        0.0030902954325135908,
        0.003162277660168379,
        0.003235936569296283,
        0.0033113112148259113,
        0.0033884415613920256,
        0.0034673685045253162,
        0.003548133892335754
    ],
    "batch_train_acc": [
        2,
        10,
        10,
        11,
        10,
        7,
        9,
        7,
        8,
        13,
        12,
        10,
        11,
        13,
        12,
        8,
        14,
        15,
        16,
        16,
        18,
        16,
        13,
        18,
        15,
        17,
        16,
        10,
        12,
        10,
        12,
        13,
        16,
        15,
        14,
        13,
        16,
        18,
        20,
        11,
        21,
        17,
        15,
        16,
        19,
        29,
        18,
        20,
        27,
        22,
        17,
        24,
        18,
        24,
        26,
        16
    ],
    "batch_train_loss": [
        2.4920530319213867,
        2.3184869289398193,
        2.32189679145813,
        2.265211343765259,
        2.3569509983062744,
        2.348588705062866,
        2.308579683303833,
        2.3051276206970215,
        2.278017520904541,
        2.2081995010375977,
        2.2348413467407227,
        2.2376222610473633,
        2.216326951980591,
        2.212132453918457,
        2.19801664352417,
        2.2617764472961426,
        2.169776439666748,
        2.12690806388855,
        2.0653345584869385,
        2.110999822616577,
        2.033944606781006,
        2.079836368560791,
        2.0561912059783936,
        1.9152534008026123,
        2.1608569622039795,
        2.1176185607910156,
        2.168151617050171,
        2.2899718284606934,
        2.1458096504211426,
        2.0478360652923584,
        1.9091947078704834,
        2.02980637550354,
        2.1196935176849365,
        1.9806852340698242,
        1.935523509979248,
        1.989472508430481,
        2.064837694168091,
        1.8757745027542114,
        1.8809661865234375,
        1.9702085256576538,
        1.7323198318481445,
        1.9056612253189087,
        2.0209293365478516,
        1.881807565689087,
        1.7828844785690308,
        1.7653664350509644,
        1.887048602104187,
        1.7631202936172485,
        1.7715857028961182,
        1.8437676429748535,
        1.726802945137024,
        1.7251901626586914,
        1.7700889110565186,
        1.8090673685073853,
        1.6358952522277832,
        2.094125270843506
    ],
    "best_test_loss": 2.839249208140373,
    "epochs": 2,
    "lr": [
        0.0019054607179632473,
        0.003548133892335754
    ],
    "test_acc": [
        0.1522,
        0.2383
    ],
    "train_acc": [
        0.18805803571428573,
        0.27845982142857145
    ]
}